x,y
1.5707963268,1.5707963268
1.6007963268,1.6000760225
1.6307963268,1.6278617739
1.6607963268,1.6540746406
1.6907963268,1.6786371947
1.7207963268,1.701473639
1.7507963268,1.7225099235
1.7807963268,1.7416738604
1.8107963268,1.7588952369
1.8407963268,1.7741059259
1.8707963268,1.7872399947
1.9007963268,1.7982338116
1.9307963268,1.8070261494
1.9607963268,1.8135582872
1.9907963268,1.8177741084
2.0207963268,1.8196201969
2.0507963268,1.8190459295
2.0807963268,1.8160035657
2.1107963268,1.8104483341
2.1407963268,1.8023385152
2.1707963268,1.7916355212
2.2007963268,1.7783039722
2.2307963268,1.7623117682
2.2607963268,1.7436301578
2.2907963268,1.7222338028
2.3207963268,1.6981008392
2.3507963268,1.6712129338
2.3807963268,1.6415553365
2.4107963268,1.6091169288
2.4407963268,1.5738902679
2.4707963268,1.5358716263
2.5007963268,1.4950610269
2.5307963268,1.4514622741
2.5607963268,1.4050829795
2.5907963268,1.3559345841
2.6207963268,1.3040323746
2.6507963268,1.2493954965
2.6807963268,1.1920469607
2.7107963268,1.1320136474
2.7407963268,1.0693263032
2.7707963268,1.0040195351
2.8007963268,0.9361317984
2.8307963268,0.8657053809
2.8607963268,0.7927863814
2.8907963268,0.717424684
2.9207963268,0.6396739272
2.9507963268,0.5595914684
2.9807963268,0.4772383438
3.0107963268,0.3926792232
3.0407963268,0.3059823605
3.0707963268,0.217219539
3.1007963268,0.126466013
3.1307963268,0.0338004436
3.1607963268,-0.060695169
3.1907963268,-0.1569355583
3.2207963268,-0.254832268
3.2507963268,-0.3542937339
3.2807963268,-0.4552253686
3.3107963268,-0.5575296521
3.3407963268,-0.661106225
3.3707963268,-0.7658519862
3.4007963268,-0.8716611952
3.4307963268,-0.9784255769
3.4607963268,-1.0860344311
3.4907963268,-1.1943747455
3.5207963268,-1.3033313113
3.5507963268,-1.4127868436
3.5807963268,-1.5226221037
3.6107963268,-1.6327160253
3.6407963268,-1.7429458435
3.6707963268,-1.8531872264
3.7007963268,-1.9633144096
3.7307963268,-2.0732003336
3.7607963268,-2.1827167831
3.7907963268,-2.2917345285
3.8207963268,-2.4001234703
3.8507963268,-2.5077527847
3.8807963268,-2.6144910712
3.9107963268,-2.7202065022
3.9407963268,-2.8247669736
3.9707963268,-2.9280402571
4.0007963268,-3.0298941533
4.0307963268,-3.1301966464
4.0607963268,-3.2288160587
4.0907963268,-3.3256212072
4.1207963268,-3.420481559
4.1507963268,-3.5132673884
4.1807963268,-3.6038499334
4.2107963268,-3.6921015521
4.2407963268,-3.7778958796
4.2707963268,-3.8611079833
4.3007963268,-3.9416145188
4.3307963268,-4.0192938844
4.3607963268,-4.0940263745
4.3907963268,-4.1656943324
4.4207963268,-4.2341823016
4.4507963268,-4.2993771754
4.4807963268,-4.3611683449
4.5107963268,-4.4194478456
4.5407963268,-4.4741105014
4.5707963268,-4.525054067
4.6007963268,-4.5721793673
4.6307963268,-4.6153904348
4.6607963268,-4.6545946443
4.6907963268,-4.6897028445
4.7207963268,-4.7206294866
4.7507963268,-4.7472927501
4.7807963268,-4.7696146646
4.8107963268,-4.7875212291
4.8407963268,-4.8009425267
4.8707963268,-4.8098128361
4.9007963268,-4.8140707389
4.9307963268,-4.8136592231
4.9607963268,-4.8085257824
4.9907963268,-4.7986225104
5.0207963268,-4.7839061919
5.0507963268,-4.764338388
5.0807963268,-4.7398855174
5.1107963268,-4.7105189328
5.1407963268,-4.6762149922
5.1707963268,-4.6369551252
5.2007963268,-4.5927258943
5.2307963268,-4.5435190506
5.2607963268,-4.489331585
5.2907963268,-4.430165773
5.3207963268,-4.3660292144
5.3507963268,-4.2969348683
5.3807963268,-4.2229010806
5.4107963268,-4.1439516081
5.4407963268,-4.0601156346
5.4707963268,-3.9714277833
5.5007963268,-3.8779281217
5.5307963268,-3.7796621614
5.5607963268,-3.6766808525
5.5907963268,-3.5690405704
5.6207963268,-3.4568030989
5.6507963268,-3.3400356054
5.6807963268,-3.2188106112
5.7107963268,-3.0932059553
5.7407963268,-2.9633047528
5.7707963268,-2.829195347
5.8007963268,-2.6909712552
5.8307963268,-2.5487311096
5.8607963268,-2.402578591
5.8907963268,-2.2526223582
5.9207963268,-2.0989759702
5.9507963268,-1.9417578032
5.9807963268,-1.7810909625
6.0107963268,-1.617103188
6.0407963268,-1.4499267541
6.0707963268,-1.2796983649
6.1007963268,-1.1065590432
6.1307963268,-0.9306540149
6.1607963268,-0.7521325874
6.1907963268,-0.5711480236
6.2207963268,-0.3878574106
6.2507963268,-0.2024215237
6.2807963268,-0.015004685
6.3107963268,0.1742253819
6.3407963268,0.3650977017
6.3707963268,0.5574382023
6.4007963268,0.7510698735
6.4307963268,0.9458129297
6.4607963268,1.1414849764
6.4907963268,1.3379011815
6.5207963268,1.5348744486
6.5507963268,1.7322155955
6.5807963268,1.9297335345
6.6107963268,2.127235457
6.6407963268,2.3245270204
6.6707963268,2.5214125377
6.7007963268,2.7176951704
6.7307963268,2.913177123
6.7607963268,3.10765984
6.7907963268,3.3009442051
6.8207963268,3.4928307422
6.8507963268,3.6831198175
6.8807963268,3.871611844
6.9107963268,4.0581074858
6.9407963268,4.242407865
6.9707963268,4.4243147683
7.0007963268,4.6036308543
7.0307963268,4.7801598619
7.0607963268,4.9537068175
7.0907963268,5.124078244
7.1207963268,5.2910823675
7.1507963268,5.454529325
7.1807963268,5.6142313709
7.2107963268,5.7700030824
7.2407963268,5.9216615639
7.2707963268,6.0690266499
7.3007963268,6.211921107
7.3307963268,6.3501708326
7.3607963268,6.4836050537
7.3907963268,6.6120565212
7.4207963268,6.7353617036
7.4507963268,6.853360977
7.4807963268,6.9658988126
7.5107963268,7.072823961
7.5407963268,7.1739896334
7.5707963268,7.2692536793
7.6007963268,7.3584787599
7.6307963268,7.4415325189
7.6607963268,7.5182877478
7.6907963268,7.588622548
7.7207963268,7.6524204879
7.7507963268,7.7095707555
7.7807963268,7.7599683061
7.8107963268,7.8035140053
7.8407963268,7.8401147663
7.8707963268,7.8696836826
7.9007963268,7.8921401542
7.9307963268,7.9074100093
7.9607963268,7.9154256194
7.9907963268,7.9161260084
8.0207963268,7.9094569563
8.0507963268,7.8953710959
8.0807963268,7.8738280034
8.1107963268,7.844794283
8.1407963268,7.8082436441
8.1707963268,7.764156972
8.2007963268,7.7125223923
8.2307963268,7.6533353279
8.2607963268,7.5865985487
8.2907963268,7.5123222149
8.3207963268,7.4305239127
8.3507963268,7.3412286827
8.3807963268,7.2444690411
8.4107963268,7.1402849937
8.4407963268,7.0287240419
8.4707963268,6.9098411818
8.5007963268,6.7836988957
8.5307963268,6.6503671355
8.5607963268,6.5099232995
8.5907963268,6.3624522005
8.6207963268,6.2080460273
8.6507963268,6.0468042981
8.6807963268,5.8788338066
8.7107963268,5.7042485597
8.7407963268,5.5231697093
8.7707963268,5.3357254749
8.8007963268,5.1420510599
8.8307963268,4.9422885597
8.8607963268,4.7365868632
8.8907963268,4.5251015463
8.9207963268,4.3079947585
8.9507963268,4.0854351025
8.9807963268,3.8575975066
9.0107963268,3.6246630896
9.0407963268,3.3868190201
9.0707963268,3.1442583678
9.1007963268,2.8971799484
9.1307963268,2.6457881628
9.1607963268,2.3902928289
9.1907963268,2.1309090078
9.2207963268,1.8678568233
9.2507963268,1.6013612761
9.2807963268,1.3316520518
9.3107963268,1.0589633231
9.3407963268,0.7835335472
9.3707963268,0.5056052568
9.4007963268,0.2254248475
9.4307963268,-0.0567576416
9.4607963268,-0.34068875
9.4907963268,-0.6261118242
9.5207963268,-0.9127672495
9.5507963268,-1.2003926859
9.5807963268,-1.4887233085
9.6107963268,-1.7774920507
9.6407963268,-2.0664298518
9.6707963268,-2.3552659074
9.7007963268,-2.6437279224
9.7307963268,-2.9315423676
9.7607963268,-3.2184347384
9.7907963268,-3.5041298152
9.8207963268,-3.7883519272
9.8507963268,-4.0708252167
9.8807963268,-4.3512739054
9.9107963268,-4.6294225624
9.9407963268,-4.9049963723
9.9707963268,-5.177721405
10.0007963268,-5.4473248852
10.0307963268,-5.7135354628
10.0607963268,-5.9760834826
10.0907963268,-6.2347012544
10.1207963268,-6.489123322
10.1507963268,-6.7390867315
10.1807963268,-6.9843312987
10.2107963268,-7.2245998745
10.2407963268,-7.45963861
10.2707963268,-7.6891972177
10.3007963268,-7.9130292325
10.3307963268,-8.1308922691
10.3607963268,-8.3425482768
10.3907963268,-8.5477637918
10.4207963268,-8.7463101858
10.4507963268,-8.9379639114
10.4807963268,-9.1225067437
10.5107963268,-9.2997260176
10.5407963268,-9.4694148614
10.5707963268,-9.6313724256
10.6007963268,-9.7854041066
10.6307963268,-9.9313217665
10.6607963268,-10.0689439462
10.6907963268,-10.1980960742
10.7207963268,-10.3186106697
10.7507963268,-10.4303275385
10.7807963268,-10.5330939649
10.8107963268,-10.6267648949
10.8407963268,-10.7112031152
10.8707963268,-10.7862794233
10.9007963268,-10.8518727923
10.9307963268,-10.9078705278
10.9607963268,-10.9541684174
10.9907963268,-10.9906708731
11.0207963268,-11.0172910659
11.0507963268,-11.0339510523
11.0807963268,-11.0405818933
11.1107963268,-11.0371237647
11.1407963268,-11.0235260597
11.1707963268,-10.9997474825
11.2007963268,-10.965756134
11.2307963268,-10.9215295879
11.2607963268,-10.8670549592
11.2907963268,-10.802328963
11.3207963268,-10.7273579642
11.3507963268,-10.6421580191
11.3807963268,-10.5467549066
11.4107963268,-10.4411841512
11.4407963268,-10.3254910361
11.4707963268,-10.1997306074
11.5007963268,-10.0639676685
11.5307963268,-9.9182767655
11.5607963268,-9.7627421629
11.5907963268,-9.59745781
11.6207963268,-9.4225272975
11.6507963268,-9.2380638053
11.6807963268,-9.0441900401
11.7107963268,-8.8410381643
11.7407963268,-8.6287497149
11.7707963268,-8.4074755132
11.8007963268,-8.1773755656
11.8307963268,-7.9386189544
11.8607963268,-7.6913837203
11.8907963268,-7.4358567348
11.9207963268,-7.1722335645
11.9507963268,-6.9007183259
11.9807963268,-6.6215235315
12.0107963268,-6.3348699271
12.0407963268,-6.040986321
12.0707963268,-5.7401094037
12.1007963268,-5.4324835606
12.1307963268,-5.1183606752
12.1607963268,-4.7979999252
12.1907963268,-4.4716675705
12.2207963268,-4.1396367332
12.2507963268,-3.8021871703
12.2807963268,-3.4596050394
12.3107963268,-3.1121826564
12.3407963268,-2.7602182474
12.3707963268,-2.404015693
12.4007963268,-2.0438842663
12.4307963268,-1.6801383651
12.4607963268,-1.3130972373
12.4907963268,-0.9430847012
12.5207963268,-0.5704288595
12.5507963268,-0.1954618091
12.5807963268,0.1814806555
12.6107963268,0.5600593425
12.6407963268,0.9399319682
12.6707963268,1.3207534663
12.7007963268,1.7021763017
12.7307963268,2.0838507869
12.7607963268,2.4654254032
12.7907963268,2.8465471241
12.8207963268,3.2268617411
12.8507963268,3.6060141935
12.8807963268,3.9836488987
12.9107963268,4.3594100856
12.9407963268,4.7329421285
12.9707963268,5.1038898839
13.0007963268,5.4718990259
13.0307963268,5.8366163847
13.0607963268,6.1976902834
13.0907963268,6.554770876
13.1207963268,6.9075104845
13.1507963268,7.2555639355
13.1807963268,7.5985888959
13.2107963268,7.9362462069
13.2407963268,8.2682002169
13.2707963268,8.5941191123
13.3007963268,8.9136752452
13.3307963268,9.22654546
13.3607963268,9.5324114157
13.3907963268,9.8309599057
13.4207963268,10.1218831737
13.4507963268,10.4048792259
13.4807963268,10.6796521389
13.5107963268,10.9459123632
13.5407963268,11.2033770217
13.5707963268,11.4517702035
13.6007963268,11.6908232515
13.6307963268,11.920275045
13.6607963268,12.1398722764
13.6907963268,12.3493697207
13.7207963268,12.5485304996
13.7507963268,12.7371263377
13.7807963268,12.9149378124
13.8107963268,13.081754596
13.8407963268,13.2373756901
13.8707963268,13.3816096525
13.9007963268,13.5142748156
13.9307963268,13.6351994966
13.9607963268,13.7442221991
13.9907963268,13.8411918057
14.0207963268,13.9259677619
14.0507963268,13.9984202504
14.0807963268,14.0584303561
14.1107963268,14.1058902216
14.1407963268,14.1407031925
14.1707963268,14.1627839531
14.2007963268,14.1720586517
14.2307963268,14.1684650156
14.2607963268,14.1519524558
14.2907963268,14.1224821609
14.3207963268,14.0800271802
14.3507963268,14.0245724963
14.3807963268,13.9561150863
14.4107963268,13.8746639723
14.4407963268,13.7802402606
14.4707963268,13.6728771695
14.5007963268,13.5526200463
14.5307963268,13.4195263724
14.5607963268,13.273665757
14.5907963268,13.1151199204
14.6207963268,12.943982664
14.6507963268,12.7603598308
14.6807963268,12.564369253
14.7107963268,12.3561406885
14.7407963268,12.1358157466
14.7707963268,11.9035478013
14.8007963268,11.6595018941
14.8307963268,11.4038546244
14.8607963268,11.1367940301
14.8907963268,10.8585194556
14.9207963268,10.5692414095
14.9507963268,10.2691814112
14.9807963268,9.9585718262
15.0107963268,9.6376556913
15.0407963268,9.3066865281
15.0707963268,8.9659281473
15.1007963268,8.6156544414
15.1307963268,8.256149168
15.1607963268,7.8877057224
15.1907963268,7.5106269012
15.2207963268,7.1252246553
15.2507963268,6.7318198341
15.2807963268,6.3307419197
15.3107963268,5.922328753
15.3407963268,5.5069262501
15.3707963268,5.0848881108
15.4007963268,4.656575518
15.4307963268,4.2223568297
15.4607963268,3.7826072628
15.4907963268,3.3377085695
15.5207963268,2.8880487062
15.5507963268,2.4340214956
15.5807963268,1.9760262822
15.6107963268,1.5144675811
15.6407963268,1.0497547206
15.6707963268,0.5823014799
15.7007963268,0.11252572
15.7307963268,-0.3591509892
15.7607963268,-0.8323037476
15.7907963268,-1.3065047077
15.8207963268,-1.7813234609
15.8507963268,-2.256327429
15.8807963268,-2.7310822575
15.9107963268,-3.2051522131
15.9407963268,-3.6781005832
15.9707963268,-4.1494900783
16.0007963268,-4.6188832356
16.0307963268,-5.0858428251
16.0607963268,-5.5499322562
16.0907963268,-6.0107159849
16.1207963268,-6.4677599226
16.1507963268,-6.9206318438
16.1807963268,-7.3689017939
16.2107963268,-7.8121424964
16.2407963268,-8.2499297589
16.2707963268,-8.6818428773
16.3007963268,-9.1074650392
16.3307963268,-9.5263837234
16.3607963268,-9.9381910983
16.3907963268,-10.3424844165
16.4207963268,-10.7388664061
16.4507963268,-11.1269456584
16.4807963268,-11.5063370114
16.5107963268,-11.8766619284
16.5407963268,-12.2375488728
16.5707963268,-12.5886336759
16.6007963268,-12.929559901
16.6307963268,-13.2599791999
16.6607963268,-13.5795516644
16.6907963268,-13.8879461699
16.7207963268,-14.184840713
16.7507963268,-14.4699227409
16.7807963268,-14.742889474
16.8107963268,-15.0034482197
16.8407963268,-15.2513166778
16.8707963268,-15.4862232385
16.9007963268,-15.7079072694
16.9307963268,-15.9161193952
16.9607963268,-16.1106217668
16.9907963268,-16.2911883204
17.0207963268,-16.4576050274
17.0507963268,-16.609670133
17.0807963268,-16.7471943847
17.1107963268,-16.8700012498
17.1407963268,-16.9779271216
17.1707963268,-17.0708215147
17.2007963268,-17.1485472481
17.2307963268,-17.2109806173
17.2607963268,-17.2580115535
17.2907963268,-17.2895437714
17.3207963268,-17.3054949046
17.3507963268,-17.305796628
17.3807963268,-17.2903947679
17.4107963268,-17.2592493996
17.4407963268,-17.2123349312
17.4707963268,-17.1496401752
17.5007963268,-17.0711684067
17.5307963268,-16.976937408
17.5607963268,-16.8669795007
17.5907963268,-16.7413415629
17.6207963268,-16.6000850348
17.6507963268,-16.4432859095
17.6807963268,-16.2710347104
17.7107963268,-16.0834364557
17.7407963268,-15.8806106086
17.7707963268,-15.6626910143
17.8007963268,-15.4298258232
17.8307963268,-15.182177401
17.8607963268,-14.9199222251
17.8907963268,-14.643250767
17.9207963268,-14.3523673625
17.9507963268,-14.0474900677
17.9807963268,-13.728850502
18.0107963268,-13.3966936785
18.0407963268,-13.0512778206
18.0707963268,-12.6928741667
18.1007963268,-12.3217667613
18.1307963268,-11.9382522344
18.1607963268,-11.542639568
18.1907963268,-11.1352498506
18.2207963268,-10.7164160196
18.2507963268,-10.2864825921
18.2807963268,-9.8458053839
18.3107963268,-9.3947512174
18.3407963268,-8.9336976184
18.3707963268,-8.4630325015
18.4007963268,-7.9831538455
18.4307963268,-7.4944693584
18.4607963268,-6.9973961322
18.4907963268,-6.4923602878
18.5207963268,-5.9797966105
18.5507963268,-5.4601481771
18.5807963268,-4.9338659728
18.6107963268,-4.4014085005
18.6407963268,-3.8632413823
18.6707963268,-3.319836952
18.7007963268,-2.7716738412
18.7307963268,-2.2192365578
18.7607963268,-1.6630150579
18.7907963268,-1.1035043115
18.8207963268,-0.5412038617
18.8507963268,0.0233826208
18.8807963268,0.5897477892
18.9107963268,1.1573810762
18.9407963268,1.7257691546
18.9707963268,2.2943964013
19.0007963268,2.8627453649
19.0307963268,3.4302972369
19.0607963268,3.996532325
19.0907963268,4.5609305286
19.1207963268,5.1229718167
19.1507963268,5.6821367065
19.1807963268,6.2379067436
19.2107963268,6.7897649818
19.2407963268,7.3371964636
19.2707963268,7.8796887005
19.3007963268,8.4167321514
19.3307963268,8.9478207009
19.3607963268,9.472452135
19.3907963268,9.990128615
19.4207963268,10.5003571487
19.4507963268,11.0026500584
19.4807963268,11.4965254453
19.5107963268,11.9815076503
19.5407963268,12.45712771
19.5707963268,12.9229238082
19.6007963268,13.3784417215
19.6307963268,13.82323526
19.6607963268,14.2568667013
19.6907963268,14.678907218
19.7207963268,15.0889372986
19.7507963268,15.4865471607
19.7807963268,15.8713371562
19.8107963268,16.2429181689
19.8407963268,16.6009120032
19.8707963268,16.9449517637
19.9007963268,17.2746822259
19.9307963268,17.5897601965
19.9607963268,17.8898548644
19.9907963268,18.174648141
20.0207963268,18.4438349894
20.0507963268,18.6971237429
20.0807963268,18.934236412
20.1107963268,19.1549089796
20.1407963268,19.358891684
20.1707963268,19.5459492899
20.2007963268,19.7158613467
20.2307963268,19.8684224336
20.2607963268,20.0034423914
20.2907963268,20.120746542
20.3207963268,20.2201758928
20.3507963268,20.301587328
20.3807963268,20.3648537859
20.4107963268,20.4098644215
20.4407963268,20.4365247544
20.4707963268,20.4447568033
20.5007963268,20.4344992038
20.5307963268,20.4057073128
20.5607963268,20.3583532969
20.5907963268,20.2924262058
20.6207963268,20.2079320307
20.6507963268,20.1048937462
20.6807963268,19.9833513384
20.7107963268,19.8433618152
20.7407963268,19.6849992033
20.7707963268,19.5083545272
20.8007963268,19.3135357747
20.8307963268,19.1006678448
20.8607963268,18.8698924809
20.8907963268,18.6213681885
20.9207963268,18.3552701361
20.9507963268,18.0717900417
20.9807963268,17.771136043
21.0107963268,17.4535325526
21.0407963268,17.1192200974
21.0707963268,16.7684551428
21.1007963268,16.4015099021
21.1307963268,16.0186721306
21.1607963268,15.6202449046
21.1907963268,15.2065463862
21.2207963268,14.7779095734
21.2507963268,14.3346820355
21.2807963268,13.8772256348
21.3107963268,13.4059162344
21.3407963268,12.921143392
21.3707963268,12.4233100406
21.4007963268,11.9128321556
21.4307963268,11.3901384098
21.4607963268,10.8556698145
21.4907963268,10.30987935
21.5207963268,9.7532315822
21.5507963268,9.1862022694
21.5807963268,8.609277956
21.6107963268,8.0229555565
21.6407963268,7.4277419281
21.6707963268,6.8241534336
21.7007963268,6.2127154937
21.7307963268,5.5939621303
21.7607963268,4.9684355006
21.7907963268,4.3366854223
21.8207963268,3.6992688907
21.8507963268,3.0567495876
21.8807963268,2.4096973834
21.9107963268,1.7586878312
21.9407963268,1.1043016556
21.9707963268,0.4471242339
22.0007963268,-0.2122549266
22.0307963268,-0.8732427183
22.0607963268,-1.5352429662
22.0907963268,-2.1976569657
22.1207963268,-2.8598840243
22.1507963268,-3.5213220061
22.1807963268,-4.1813678793
22.2107963268,-4.8394182657
22.2407963268,-5.4948699925
22.2707963268,-6.1471206446
22.3007963268,-6.7955691186
22.3307963268,-7.4396161755
22.3607963268,-8.0786649953
22.3907963268,-8.7121217285
22.4207963268,-9.3393960481
22.4507963268,-9.9599016988
22.4807963268,-10.5730570441
22.5107963268,-11.1782856109
22.5407963268,-11.7750166303
22.5707963268,-12.3626855748
22.6007963268,-12.9407346909
22.6307963268,-13.5086135275
22.6607963268,-14.0657794581
22.6907963268,-14.6116981975
22.7207963268,-15.1458443126
22.7507963268,-15.6677017255
22.7807963268,-16.1767642102
22.8107963268,-16.6725358808
22.8407963268,-17.1545316718
22.8707963268,-17.62227781
22.9007963268,-18.0753122761
22.9307963268,-18.5131852584
22.9607963268,-18.9354595946
22.9907963268,-19.3417112046
23.0207963268,-19.7315295118
23.0507963268,-20.1045178527
23.0807963268,-20.4602938752
23.1107963268,-20.798489925
23.1407963268,-21.1187534192
23.1707963268,-21.4207472064
23.2007963268,-21.704149915
23.2307963268,-21.9686562863
23.2607963268,-22.213977495
23.2907963268,-22.4398414544
23.3207963268,-22.6459931076
23.3507963268,-22.8321947037
23.3807963268,-22.9982260587
23.4107963268,-23.1438848009
23.4407963268,-23.2689866011
23.4707963268,-23.3733653857
23.5007963268,-23.4568735349
23.5307963268,-23.5193820635
23.5607963268,-23.5607807858
23.5907963268,-23.5809784628
23.6207963268,-23.5799029333
23.6507963268,-23.5575012271
23.6807963268,-23.5137396617
23.7107963268,-23.4486039205
23.7407963268,-23.3620991143
23.7707963268,-23.2542498248
23.8007963268,-23.1251001305
23.8307963268,-22.9747136146
23.8607963268,-22.8031733552
23.8907963268,-22.6105818975
23.9207963268,-22.3970612082
23.9507963268,-22.1627526122
23.9807963268,-21.9078167106
24.0107963268,-21.6324332819
24.0407963268,-21.3368011647
24.0707963268,-21.0211381229
24.1007963268,-20.6856806931
24.1307963268,-20.3306840146
24.1607963268,-19.9564216416
24.1907963268,-19.563185339
24.2207963268,-19.1512848595
24.2507963268,-18.7210477052
24.2807963268,-18.2728188716
24.3107963268,-17.8069605749
24.3407963268,-17.3238519631
24.3707963268,-16.8238888112
24.4007963268,-16.3074831997
24.4307963268,-15.7750631781
24.4607963268,-15.2270724126
24.4907963268,-14.6639698186
24.5207963268,-14.0862291788
24.5507963268,-13.4943387465
24.5807963268,-12.8888008342
24.6107963268,-12.2701313897
24.6407963268,-11.6388595571
24.6707963268,-10.9955272258
24.7007963268,-10.3406885667
24.7307963268,-9.6749095552
24.7607963268,-8.9987674832
24.7907963268,-8.3128504593
24.8207963268,-7.6177568978
24.8507963268,-6.9140949969
24.8807963268,-6.2024822076
24.9107963268,-5.4835446914
24.9407963268,-4.7579167703
24.9707963268,-4.0262403673
25.0007963268,-3.2891644381
25.0307963268,-2.5473443964
25.0607963268,-1.8014415306
25.0907963268,-1.0521224148
25.1207963268,-0.3000583128
25.1507963268,0.454075423
25.1807963268,1.2095999583
25.2107963268,1.9658335877
25.2407963268,2.7220923498
25.2707963268,3.477690646
25.3007963268,4.2319418618
25.3307963268,4.984158991
25.3607963268,5.7336552608
25.3907963268,6.4797447591
25.4207963268,7.2217430622
25.4507963268,7.9589678619
25.4807963268,8.6907395931
25.5107963268,9.4163820595
25.5407963268,10.1352230584
25.5707963268,10.8465950027
25.6007963268,11.5498355402
25.6307963268,12.2442881697
25.6607963268,12.9293028531
25.6907963268,13.604236623
25.7207963268,14.2684541851
25.7507963268,14.921328515
25.7807963268,15.5622414489
25.8107963268,16.1905842674
25.8407963268,16.8057582722
25.8707963268,17.4071753546
25.9007963268,17.9942585558
25.9307963268,18.5664426185
25.9607963268,19.1231745286
25.9907963268,19.6639140473
26.0207963268,20.1881342323
26.0507963268,20.6953219488
26.0807963268,21.1849783678
26.1107963268,21.656619454
26.1407963268,22.1097764398
26.1707963268,22.5439962872
26.2007963268,22.9588421363
26.2307963268,23.35389374
26.2607963268,23.7287478842
26.2907963268,24.0830187937
26.3207963268,24.4163385228
26.3507963268,24.7283573311
26.3807963268,25.0187440423
26.4107963268,25.2871863885
26.4407963268,25.533391336
26.4707963268,25.7570853963
26.5007963268,25.9580149183
26.5307963268,26.135946364
26.5607963268,26.2906665657
26.5907963268,26.4219829664
26.6207963268,26.5297238399
26.6507963268,26.6137384948
26.6807963268,26.6738974573
26.7107963268,26.7100926372
26.7407963268,26.7222374728
26.7707963268,26.7102670581
26.8007963268,26.6741382496
26.8307963268,26.6138297535
26.8607963268,26.5293421932
26.8907963268,26.4206981573
26.9207963268,26.2879422275
26.9507963268,26.1311409856
26.9807963268,25.950383002
27.0107963268,25.7457788031
27.0407963268,25.5174608181
27.0707963268,25.2655833074
27.1007963268,24.990322269
27.1307963268,24.6918753261
27.1607963268,24.3704615943
27.1907963268,24.026321529
27.2207963268,23.6597167527
27.2507963268,23.2709298628
27.2807963268,22.8602642204
27.3107963268,22.4280437184
27.3407963268,21.9746125318
27.3707963268,21.5003348477
27.4007963268,21.0055945775
27.4307963268,20.4907950498
27.4607963268,19.9563586851
27.4907963268,19.4027266527
27.5207963268,18.830358509
27.5507963268,18.2397318192
27.5807963268,17.6313417612
27.6107963268,17.0057007123
27.6407963268,16.3633378202
27.6707963268,15.7047985573
27.7007963268,15.0306442585
27.7307963268,14.3414516451
27.7607963268,13.6378123322
27.7907963268,12.9203323221
27.8207963268,12.1896314836
27.8507963268,11.4463430173
27.8807963268,10.6911129076
27.9107963268,9.9245993623
27.9407963268,9.1474722392
27.9707963268,8.3604124614
28.0007963268,7.5641114212
28.0307963268,6.7592703729
28.0607963268,5.9465998157
28.0907963268,5.1268188667
28.1207963268,4.3006546246
28.1507963268,3.4688415252
28.1807963268,2.6321206884
28.2107963268,1.7912392581
28.2407963268,0.9469497348
28.2707963268,0.1000093028
28.3007963268,-0.7488208496
28.3307963268,-1.5987762137
28.3607963268,-2.4490896491
28.3907963268,-3.2989920762
28.4207963268,-4.1477131715
28.4507963268,-4.9944820663
28.4807963268,-5.838528046
28.5107963268,-6.6790812524
28.5407963268,-7.5153733849
28.5707963268,-8.3466384035
28.6007963268,-9.1721132293
28.6307963268,-9.9910384456
28.6607963268,-10.8026589954
28.6907963268,-11.606224878
28.7207963268,-12.400991841
28.7507963268,-13.1862220692
28.7807963268,-13.9611848689
28.8107963268,-14.7251573473
28.8407963268,-15.4774250857
28.8707963268,-16.2172828068
28.9007963268,-16.9440350349
28.9307963268,-17.6569967483
28.9607963268,-18.3554940237
28.9907963268,-19.038864672
29.0207963268,-19.7064588641
29.0507963268,-20.3576397472
29.0807963268,-20.9917840507
29.1107963268,-21.6082826799
29.1407963268,-22.2065412995
29.1707963268,-22.7859809034
29.2007963268,-23.3460383728
29.2307963268,-23.8861670201
29.2607963268,-24.4058371196
29.2907963268,-24.904536423
29.3207963268,-25.3817706613
29.3507963268,-25.8370640297
29.3807963268,-26.269959658
29.4107963268,-26.680020064
29.4407963268,-27.0668275904
29.4707963268,-27.4299848244
29.5007963268,-27.7691149994
29.5307963268,-28.0838623797
29.5607963268,-28.3738926255
29.5907963268,-28.63889314
29.6207963268,-28.8785733973
29.6507963268,-29.0926652502
29.6807963268,-29.2809232194
29.7107963268,-29.4431247613
29.7407963268,-29.5790705165
29.7707963268,-29.6885845371
29.8007963268,-29.7715144933
29.8307963268,-29.8277318588
29.8607963268,-29.8571320753
29.8907963268,-29.8596346945
29.9207963268,-29.8351834998
29.9507963268,-29.7837466052
29.9807963268,-29.7053165321
30.0107963268,-29.5999102651
30.0407963268,-29.4675692845
30.0707963268,-29.3083595771
30.1007963268,-29.1223716245
30.1307963268,-28.9097203696
30.1607963268,-28.6705451598
30.1907963268,-28.4050096689
30.2207963268,-28.1133017958
30.2507963268,-27.7956335416
30.2807963268,-27.4522408643
30.3107963268,-27.0833835112
30.3407963268,-26.6893448297
30.3707963268,-26.2704315559
30.4007963268,-25.8269735816
30.4307963268,-25.3593237
30.4607963268,-24.8678573297
30.4907963268,-24.3529722178
30.5207963268,-23.8150881221
30.5507963268,-23.2546464724
30.5807963268,-22.6721100118
30.6107963268,-22.0679624177
30.6407963268,-21.4427079027
30.6707963268,-20.796870797
30.7007963268,-20.1309951104
30.7307963268,-19.4456440767
30.7607963268,-18.741399679
30.7907963268,-18.0188621571
30.8207963268,-17.278649498
30.8507963268,-16.5213969083
30.8807963268,-15.7477562706
30.9107963268,-14.9583955834
30.9407963268,-14.1539983854
30.9707963268,-13.3352631647
31.0007963268,-12.5029027525
31.0307963268,-11.6576437041
31.0607963268,-10.8002256642
31.0907963268,-9.9314007211
31.1207963268,-9.0519327472
31.1507963268,-8.1625967274
31.1807963268,-7.2641780769
31.2107963268,-6.3574719478
31.2407963268,-5.4432825254
31.2707963268,-4.522422315
31.3007963268,-3.5957114202
31.3307963268,-2.6639768123
31.3607963268,-1.7280515926
31.3907963268,-0.7887742474
31.4207963268,0.1530121032
31.4507963268,1.0964604618
31.4807963268,2.040720716
31.5107963268,2.984940404
31.5407963268,3.9282654841
31.5707963268,4.8698411075
31.6007963268,5.8088123928
31.6307963268,6.7443252021
31.6607963268,7.6755269175
31.6907963268,8.6015672189
31.7207963268,9.5215988596
31.7507963268,10.4347784413
31.7807963268,11.3402671873
31.8107963268,12.2372317125
31.8407963268,13.12484479
31.8707963268,14.0022861134
31.9007963268,14.8687430547
31.9307963268,15.7234114162
31.9607963268,16.565496176
31.9907963268,17.3942122272
32.0207963268,18.2087851084
32.0507963268,19.008451727
32.0807963268,19.7924610728
32.1107963268,20.560074922
32.1407963268,21.3105685308
32.1707963268,22.0432313187
32.2007963268,22.7573675389
32.2307963268,23.452296938
32.2607963268,24.1273554013
32.2907963268,24.7818955856
32.3207963268,25.4152875378
32.3507963268,26.0269192982
32.3807963268,26.6161974895
32.4107963268,27.1825478888
32.4407963268,27.7254159845
32.4707963268,28.2442675153
32.5007963268,28.7385889924
32.5307963268,29.2078882033
32.5607963268,29.6516946972
32.5907963268,30.0695602524
32.6207963268,30.4610593225
32.6507963268,30.8257894651
32.6807963268,31.1633717482
32.7107963268,31.4734511371
32.7407963268,31.7556968602
32.7707963268,32.009802753
32.8007963268,32.2354875807
32.8307963268,32.4324953383
32.8607963268,32.6005955292
32.8907963268,32.7395834199
32.9207963268,32.8492802725
32.9507963268,32.9295335542
32.9807963268,32.9802171226
33.0107963268,33.0012313877
33.0407963268,32.9925034506
33.0707963268,32.953987217
33.1007963268,32.8856634879
33.1307963268,32.787540025
33.1607963268,32.6596515919
33.1907963268,32.5020599713
33.2207963268,32.3148539574
33.2507963268,32.0981493235
33.2807963268,31.8520887653
33.3107963268,31.5768418196
33.3407963268,31.2726047586
33.3707963268,30.9396004591
33.4007963268,30.5780782482
33.4307963268,30.1883137241
33.4607963268,29.7706085528
33.4907963268,29.3252902408
33.5207963268,28.8527118839
33.5507963268,28.3532518926
33.5807963268,27.8273136931
33.6107963268,27.2753254066
33.6407963268,26.6977395039
33.6707963268,26.0950324384
33.7007963268,25.4677042563
33.7307963268,24.8162781847
33.7607963268,24.1413001978
33.7907963268,23.4433385621
33.8207963268,22.7229833598
33.8507963268,21.9808459925
33.8807963268,21.2175586636
33.9107963268,20.433773842
33.9407963268,19.6301637057
33.9707963268,18.8074195665
34.0007963268,17.9662512769
34.0307963268,17.1073866186
34.0607963268,16.2315706741
34.0907963268,15.3395651807
34.1207963268,14.4321478694
34.1507963268,13.510111787
34.1807963268,12.5742646039
34.2107963268,11.6254279071
34.2407963268,10.6644364792
34.2707963268,9.6921375648
34.3007963268,8.7093901232
34.3307963268,7.7170640705
34.3607963268,6.7160395091
34.3907963268,5.707205948
34.4207963268,4.6914615119
34.4507963268,3.6697121423
34.4807963268,2.642870789
34.5107963268,1.6118565947
34.5407963268,0.5775940723
34.5707963268,-0.4589877241
34.6007963268,-1.496956034
34.6307963268,-2.5353752294
34.6607963268,-3.5733076585
34.6907963268,-4.6098144923
34.7207963268,-5.6439565738
34.7507963268,-6.6747952687
34.7807963268,-7.7013933175
34.8107963268,-8.7228156875
34.8407963268,-9.7381304245
34.8707963268,-10.7464095024
34.9007963268,-11.746729672
34.9307963268,-12.7381733057
34.9607963268,-13.7198292389
34.9907963268,-14.6907936073
35.0207963268,-15.6501706785
35.0507963268,-16.597073678
35.0807963268,-17.5306256081
35.1107963268,-18.4499600598
35.1407963268,-19.3542220156
35.1707963268,-20.2425686446
35.2007963268,-21.1141700867
35.2307963268,-21.9682102266
35.2607963268,-22.8038874575
35.2907963268,-23.6204154313
35.3207963268,-24.4170237979
35.3507963268,-25.1929589301
35.3807963268,-25.9474846348
35.4107963268,-26.6798828499
35.4407963268,-27.3894543254
35.4707963268,-28.0755192888
35.5007963268,-28.7374180941
35.5307963268,-29.3745118535
35.5607963268,-29.9861830508
35.5907963268,-30.5718361375
35.6207963268,-31.1308981088
35.6507963268,-31.662819061
35.6807963268,-32.1670727283
35.7107963268,-32.6431569992
35.7407963268,-33.0905944118
35.7707963268,-33.5089326279
35.8007963268,-33.8977448844
35.8307963268,-34.2566304228
35.8607963268,-34.5852148957
35.8907963268,-34.8831507497
35.9207963268,-35.1501175849
35.9507963268,-35.3858224906
35.9807963268,-35.5900003557
36.0107963268,-35.7624141556
36.0407963268,-35.902855213
36.0707963268,-36.0111434339
36.1007963268,-36.0871275184
36.1307963268,-36.1306851448
36.1607963268,-36.1417231285
36.1907963268,-36.1201775545
36.2207963268,-36.0660138833
36.2507963268,-35.9792270306
36.2807963268,-35.8598414205
36.3107963268,-35.7079110114
36.3407963268,-35.5235192961
36.3707963268,-35.3067792741
36.4007963268,-35.0578333978
36.4307963268,-34.7768534917
36.4607963268,-34.4640406445
36.4907963268,-34.1196250749
36.5207963268,-33.7438659706
36.5507963268,-33.3370513007
36.5807963268,-32.8994976016
36.6107963268,-32.4315497369
36.6407963268,-31.9335806309
36.6707963268,-31.4059909767
36.7007963268,-30.8492089178
36.7307963268,-30.2636897053
36.7607963268,-29.6499153289
36.7907963268,-29.0083941241
36.8207963268,-28.3396603541
36.8507963268,-27.6442737676
36.8807963268,-26.9228191333
36.9107963268,-26.1759057502
36.9407963268,-25.4041669355
36.9707963268,-24.6082594895
37.0007963268,-23.7888631384
37.0307963268,-22.9466799557
37.0607963268,-22.0824337619
37.0907963268,-21.196869504
37.1207963268,-20.2907526146
37.1507963268,-19.3648683512
37.1807963268,-18.420021117
37.2107963268,-17.4570337627
37.2407963268,-16.476746871
37.2707963268,-15.480018023
37.3007963268,-14.4677210493
37.3307963268,-13.4407452638
37.3607963268,-12.3999946835
37.3907963268,-11.3463872324
37.4207963268,-10.280853933
37.4507963268,-9.2043380833
37.4807963268,-8.1177944223
37.5107963268,-7.0221882832
37.5407963268,-5.9184947361
37.5707963268,-4.8076977202
37.6007963268,-3.6907891667
37.6307963268,-2.5687681131
37.6607963268,-1.4426398096
37.6907963268,-0.3134148185
37.7207963268,0.8178918925
37.7507963268,1.9502618629
37.7807963268,3.0826740561
37.8107963268,4.2141057798
37.8407963268,5.34353361
37.8707963268,6.4699343165
37.9007963268,7.5922857899
37.9307963268,8.709567969
37.9607963268,9.8207637678
37.9907963268,10.9248600013
38.0207963268,12.0208483092
38.0507963268,13.1077260763
38.0807963268,14.1844973501
38.1107963268,15.2501737524
38.1407963268,16.3037753868
38.1707963268,17.344331739
38.2007963268,18.3708825702
38.2307963268,19.3824788031
38.2607963268,20.3781833984
38.2907963268,21.3570722221
38.3207963268,22.3182349023
38.3507963268,23.2607756756
38.3807963268,24.18381422
38.4107963268,25.0864864766
38.4407963268,25.9679454573
38.4707963268,26.8273620378
38.5007963268,27.6639257364
38.5307963268,28.4768454766
38.5607963268,29.2653503333
38.5907963268,30.0286902621
38.6207963268,30.7661368109
38.6507963268,31.4769838125
38.6807963268,32.1605480583
38.7107963268,32.8161699527
38.7407963268,33.4432141462
38.7707963268,34.0410701484
38.8007963268,34.6091529185
38.8307963268,35.1469034347
38.8607963268,35.6537892397
38.8907963268,36.1293049638
38.9207963268,36.5729728242
38.9507963268,36.9843430993
38.9807963268,37.3629945793
39.0107963268,37.708534991
39.0407963268,38.0206013972
39.0707963268,38.2988605699
39.1007963268,38.5430093377
39.1307963268,38.7527749056
39.1607963268,38.9279151489
39.1907963268,39.0682188786
39.2207963268,39.1735060797
39.2507963268,39.2436281221
39.2807963268,39.2784679421
39.3107963268,39.2779401968
39.3407963268,39.2419913893
39.3707963268,39.1705999657
39.4007963268,39.0637763824
39.4307963268,38.9215631458
39.4607963268,38.7440348218
39.4907963268,38.5312980171
39.5207963268,38.2834913307
39.5507963268,38.0007852774
39.5807963268,37.6833821807
39.6107963268,37.3315160383
39.6407963268,36.9454523579
39.6707963268,36.525487964
39.7007963268,36.0719507764
39.7307963268,35.5851995604
39.7607963268,35.065623648
39.7907963268,34.5136426316
39.8207963268,33.9297060296
39.8507963268,33.3142929241
39.8807963268,32.6679115718
39.9107963268,31.9910989876
39.9407963268,31.2844205014
39.9707963268,30.5484692888
40.0007963268,29.7838658758
40.0307963268,28.991257618
40.0607963268,28.1713181544
40.0907963268,27.3247468373
40.1207963268,26.4522681374
40.1507963268,25.5546310253
40.1807963268,24.6326083304
40.2107963268,23.6869960766
40.2407963268,22.7186127964
40.2707963268,21.7282988236
40.3007963268,20.7169155648
40.3307963268,19.6853447514
40.3607963268,18.6344876712
40.3907963268,17.5652643822
40.4207963268,16.4786129074
40.4507963268,15.3754884122
40.4807963268,14.2568623659
40.5107963268,13.123721686
40.5407963268,11.977067868
40.5707963268,10.8179161007
40.6007963268,9.6472943677
40.6307963268,8.4662425355
40.6607963268,7.2758114305
40.6907963268,6.0770619037
40.7207963268,4.8710638857
40.7507963268,3.6588954317
40.7807963268,2.4416417579
40.8107963268,1.22039427
40.8407963268,-0.0037504156
40.8707963268,-1.229691456
40.9007963268,-2.4563247723
40.9307963268,-3.6825440438
40.9607963268,-4.9072417052
40.9907963268,-6.1293099481
41.0207963268,-7.3476417221
41.0507963268,-8.5611317378
41.0807963268,-9.76867747
41.1107963268,-10.9691801587
41.1407963268,-12.1615458089
41.1707963268,-13.3446861877
41.2007963268,-14.5175198168
41.2307963268,-15.6789729615
41.2607963268,-16.8279806125
41.2907963268,-17.9634874629
41.3207963268,-19.084448877
41.3507963268,-20.1898318503
41.3807963268,-21.2786159614
41.4107963268,-22.3497943136
41.4407963268,-23.4023744647
41.4707963268,-24.4353793464
41.5007963268,-25.4478481699
41.5307963268,-26.4388373192
41.5607963268,-27.4074212288
41.5907963268,-28.3526932477
41.6207963268,-29.2737664861
41.6507963268,-30.1697746468
41.6807963268,-31.039872838
41.7107963268,-31.8832383687
41.7407963268,-32.6990715242
41.7707963268,-33.4865963231
41.8007963268,-34.2450612528
41.8307963268,-34.9737399847
41.8607963268,-35.6719320666
41.8907963268,-36.3389635941
41.9207963268,-36.9741878573
41.9507963268,-37.5769859652
41.9807963268,-38.1467674447
42.0107963268,-38.6829708155
42.0407963268,-39.1850641391
42.0707963268,-39.652545542
42.1007963268,-40.0849437123
42.1307963268,-40.4818183694
42.1607963268,-40.8427607064
42.1907963268,-41.1673938043
42.2207963268,-41.4553730181
42.2507963268,-41.7063863343
42.2807963268,-41.9201546994
42.3107963268,-42.0964323183
42.3407963268,-42.2350069243
42.3707963268,-42.3357000179
42.4007963268,-42.3983670759
42.4307963268,-42.4228977302
42.4607963268,-42.4092159154
42.4907963268,-42.3572799862
42.5207963268,-42.267082803
42.5507963268,-42.1386517872
42.5807963268,-41.9720489447
42.6107963268,-41.7673708584
42.6407963268,-41.5247486491
42.6707963268,-41.2443479054
42.7007963268,-40.9263685823
42.7307963268,-40.5710448683
42.7607963268,-40.1786450211
42.7907963268,-39.7494711732
42.8207963268,-39.283859105
42.8507963268,-38.7821779891
42.8807963268,-38.2448301021
42.9107963268,-37.6722505069
42.9407963268,-37.0649067055
42.9707963268,-36.4232982605
43.0007963268,-35.7479563883
43.0307963268,-35.0394435224
43.0607963268,-34.2983528483
43.0907963268,-33.5253078091
43.1207963268,-32.7209615843
43.1507963268,-31.8859965396
43.1807963268,-31.0211236508
43.2107963268,-30.1270818996
43.2407963268,-29.2046376445
43.2707963268,-28.2545839657
43.3007963268,-27.2777399839
43.3307963268,-26.2749501564
43.3607963268,-25.2470835476
43.3907963268,-24.1950330774
43.4207963268,-23.119714746
43.4507963268,-22.022066838
43.4807963268,-20.9030491037
43.5107963268,-19.7636419212
43.5407963268,-18.6048454379
43.5707963268,-17.427678693
43.6007963268,-16.2331787224
43.6307963268,-15.0223996447
43.6607963268,-13.7964117322
43.6907963268,-12.5563004644
43.7207963268,-11.3031655679
43.7507963268,-10.0381200406
43.7807963268,-8.7622891639
43.8107963268,-7.4768095017
43.8407963268,-6.1828278882
43.8707963268,-4.8815004044
43.9007963268,-3.5739913456
43.9307963268,-2.2614721798
43.9607963268,-0.9451204979
43.9907963268,0.3738810427
44.0207963268,1.6943457807
44.0507963268,3.0150841182
44.0807963268,4.3349045928
44.1107963268,5.6526149525
44.1407963268,6.9670232321
44.1707963268,8.2769388319
44.2007963268,9.581173596
44.2307963268,10.8785428901
44.2607963268,12.1678666769
44.2907963268,13.4479705898
44.3207963268,14.7176870022
44.3507963268,15.9758560925
44.3807963268,17.221326903
44.4107963268,18.4529583928
44.4407963268,19.6696204827
44.4707963268,20.8701950917
44.5007963268,22.0535771641
44.5307963268,23.2186756863
44.5607963268,24.3644146916
44.5907963268,25.4897342537
44.6207963268,26.5935914663
44.6507963268,27.6749614089
44.6807963268,28.7328380973
44.7107963268,29.7662354189
44.7407963268,30.7741880502
44.7707963268,31.7557523579
44.8007963268,32.7100072808
44.8307963268,33.6360551925
44.8607963268,34.5330227442
44.8907963268,35.400061687
44.9207963268,36.2363496716
44.9507963268,37.0410910267
44.9807963268,37.8135175135
45.0107963268,38.5528890569
45.0407963268,39.2584944519
45.0707963268,39.9296520449
45.1007963268,40.5657103889
45.1307963268,41.1660488728
45.1607963268,41.7300783231
45.1907963268,42.257241578
45.2207963268,42.7470140339
45.2507963268,43.1989041621
45.2807963268,43.6124539971
45.3107963268,43.9872395951
45.3407963268,44.3228714617
45.3707963268,44.6189949496
45.4007963268,44.8752906252
45.4307963268,45.0914746037
45.4607963268,45.2672988523
45.4907963268,45.4025514615
45.5207963268,45.4970568845
45.5507963268,45.5506761434
45.5807963268,45.5633070025
45.6107963268,45.5348841095
45.6407963268,45.4653791024
45.6707963268,45.3548006837
45.7007963268,45.2031946612
45.7307963268,45.0106439549
45.7607963268,44.7772685705
45.7907963268,44.5032255397
45.8207963268,44.1887088261
45.8507963268,43.8339491984
45.8807963268,43.4392140695
45.9107963268,43.0048073027
45.9407963268,42.5310689845
45.9707963268,42.0183751641
46.0007963268,41.4671375604
46.0307963268,40.877803236
46.0607963268,40.2508542392
46.0907963268,39.5868072137
46.1207963268,38.8862129762
46.1507963268,38.149656063
46.1807963268,37.3777542451
46.2107963268,36.5711580132
46.2407963268,35.7305500317
46.2707963268,34.8566445634
46.3007963268,33.9501868647
46.3307963268,33.0119525518
46.3607963268,32.0427469392
46.3907963268,31.0434043499
46.4207963268,30.0147873983
46.4507963268,28.9577862479
46.4807963268,27.8733178411
46.5107963268,26.7623251055
46.5407963268,25.6257761351
46.5707963268,24.4646633472
46.6007963268,23.2800026169
46.6307963268,22.0728323893
46.6607963268,20.8442127692
46.6907963268,19.5952245914
46.7207963268,18.3269684698
46.7507963268,17.0405638286
46.7807963268,15.7371479138
46.8107963268,14.4178747891
46.8407963268,13.0839143135
46.8707963268,11.7364511048
46.9007963268,10.3766834872
46.9307963268,9.0058224263
46.9607963268,7.6250904505
46.9907963268,6.235720561
47.0207963268,4.8389551304
47.0507963268,3.4360447923
47.0807963268,2.0282473213
47.1107963268,0.6168265055
47.1407963268,-0.7969489883
47.1707963268,-2.2118067546
47.2007963268,-3.6264717946
47.2307963268,-5.039667665
47.2607963268,-6.4501176299
47.2907963268,-7.8565458142
47.3207963268,-9.2576783574
47.3507963268,-10.6522445679
47.3807963268,-12.0389780747
47.4107963268,-13.4166179779
47.4407963268,-14.7839099945
47.4707963268,-16.1396076006
47.5007963268,-17.4824731675
47.5307963268,-18.8112790913
47.5607963268,-20.1248089148
47.5907963268,-21.421858441
47.6207963268,-22.7012368364
47.6507963268,-23.9617677243
47.6807963268,-25.2022902654
47.7107963268,-26.4216602269
47.7407963268,-27.6187510368
47.7707963268,-28.7924548244
47.8007963268,-29.9416834444
47.8307963268,-31.0653694853
47.8607963268,-32.1624672596
47.8907963268,-33.2319537761
47.9207963268,-34.2728296921
47.9507963268,-35.2841202465
47.9807963268,-36.264876171
48.0107963268,-37.2141745796
48.0407963268,-38.1311198356
48.0707963268,-39.0148443945
48.1007963268,-39.864509623
48.1307963268,-40.6793065926
48.1607963268,-41.458456848
48.1907963268,-42.2012131473
48.2207963268,-42.9068601768
48.2507963268,-43.5747152367
48.2807963268,-44.2041288981
48.3107963268,-44.7944856313
48.3407963268,-45.3452044039
48.3707963268,-45.8557392481
48.4007963268,-46.325579798
48.4307963268,-46.7542517941
48.4607963268,-47.1413175567
48.4907963268,-47.4863764267
48.5207963268,-47.7890651725
48.5507963268,-48.0490583653
48.5807963268,-48.2660687189
48.6107963268,-48.4398473966
48.6407963268,-48.5701842832
48.6707963268,-48.6569082225
48.7007963268,-48.6998872198
48.7307963268,-48.699028609
48.7607963268,-48.6542791851
48.7907963268,-48.5656253002
48.8207963268,-48.4330929243
48.8507963268,-48.2567476708
48.8807963268,-48.0366947851
48.9107963268,-47.7730790987
48.9407963268,-47.4660849461
48.9707963268,-47.1159360469
49.0007963268,-46.7228953516
49.0307963268,-46.2872648521
49.0607963268,-45.8093853561
49.0907963268,-45.289636227
49.1207963268,-44.7284350876
49.1507963268,-44.1262374898
49.1807963268,-43.4835365488
49.2107963268,-42.8008625438
49.2407963268,-42.0787824833
49.2707963268,-41.3178996382
49.3007963268,-40.5188530404
49.3307963268,-39.6823169488
49.3607963268,-38.8090002832
49.3907963268,-37.8996460253
49.4207963268,-36.9550305894
49.4507963268,-35.9759631608
49.4807963268,-34.9632850047
49.5107963268,-33.917868745
49.5407963268,-32.8406176135
49.5707963268,-31.7324646715
49.6007963268,-30.5943720022
49.6307963268,-29.4273298769
49.6607963268,-28.2323558943
49.6907963268,-27.0104940941
49.7207963268,-25.7628140457
49.7507963268,-24.4904099125
49.7807963268,-23.1943994935
49.8107963268,-21.8759232411
49.8407963268,-20.5361432588
49.8707963268,-19.1762422772
49.9007963268,-17.79742261
49.9307963268,-16.4009050917
49.9607963268,-14.9879279965
49.9907963268,-13.5597459413
50.0207963268,-12.1176287712
50.0507963268,-10.6628604309
50.0807963268,-9.1967378218
50.1107963268,-7.7205696457
50.1407963268,-6.2356752369
50.1707963268,-4.7433833831
50.2007963268,-3.245031136
50.2307963268,-1.741962614
50.2607963268,-0.2355277957
50.2907963268,1.272918692
50.3207963268,2.7820187922
50.3507963268,4.2904122407
50.3807963268,5.7967377922
50.4107963268,7.2996344484
50.4407963268,8.7977426881
50.4707963268,10.2897056967
50.5007963268,11.774170595
50.5307963268,13.2497896662
50.5607963268,14.7152215789
50.5907963268,16.1691326066
50.6207963268,17.6101978414
50.6507963268,19.0371024009
50.6807963268,20.4485426279
50.7107963268,21.8432272812
50.7407963268,23.2198787166
50.7707963268,24.5772340569
50.8007963268,25.9140463498
50.8307963268,27.2290857134
50.8607963268,28.5211404666
50.8907963268,29.7890182456
50.9207963268,31.0315471029
50.9507963268,32.2475765904
50.9807963268,33.4359788233
51.0107963268,34.5956495257
51.0407963268,35.7255090554
51.0707963268,36.8245034081
51.1007963268,37.891605199
51.1307963268,38.9258146227
51.1607963268,39.9261603878
51.1907963268,40.8917006277
51.2207963268,41.8215237856
51.2507963268,42.7147494738
51.2807963268,43.5705293041
51.3107963268,44.3880476925
51.3407963268,45.1665226334
51.3707963268,45.9052064453
51.4007963268,46.6033864859
51.4307963268,47.2603858365
51.4607963268,47.8755639553
51.4907963268,48.4483172975
51.5207963268,48.9780799041
51.5507963268,49.4643239562
51.5807963268,49.9065602962
51.6107963268,50.3043389143
51.6407963268,50.6572494004
51.6707963268,50.9649213606
51.7007963268,51.2270247979
51.7307963268,51.4432704571
51.7607963268,51.6134101334
51.7907963268,51.7372369434
51.8207963268,51.8145855603
51.8507963268,51.8453324107
51.8807963268,51.8293958346
51.9107963268,51.7667362075
51.9407963268,51.6573560247
51.9707963268,51.5012999471
52.0007963268,51.29865481
52.0307963268,51.0495495928
52.0607963268,50.7541553511
52.0907963268,50.4126851107
52.1207963268,50.025393723
52.1507963268,49.5925776834
52.1807963268,49.114574911
52.2107963268,48.5917644907
52.2407963268,48.0245663787
52.2707963268,47.4134410692
52.3007963268,46.7588892256
52.3307963268,46.061451274
52.3607963268,45.3217069608
52.3907963268,44.5402748739
52.4207963268,43.7178119283
52.4507963268,42.8550128171
52.4807963268,41.9526094268
52.5107963268,41.0113702187
52.5407963268,40.0320995772
52.5707963268,39.0156371237
52.6007963268,37.9628569987
52.6307963268,36.8746671117
52.6607963268,35.7520083597
52.6907963268,34.5958538151
52.7207963268,33.4072078831
52.7507963268,32.187105431
52.7807963268,30.9366108876
52.8107963268,29.6568173156
52.8407963268,28.3488454573
52.8707963268,27.0138427537
52.9007963268,25.6529823383
52.9307963268,24.2674620073
52.9607963268,22.8585031656
52.9907963268,21.4273497504
53.0207963268,19.9752671337
53.0507963268,18.5035410036
53.0807963268,17.0134762265
53.1107963268,15.5063956898
53.1407963268,13.9836391288
53.1707963268,12.4465619346
53.2007963268,10.8965339489
53.2307963268,9.3349382426
53.2607963268,7.7631698823
53.2907963268,6.1826346836
53.3207963268,4.5947479541
53.3507963268,3.000933226
53.3807963268,1.40262098
53.4107963268,-0.1987526389
53.4407963268,-1.8017471113
53.4707963268,-3.4049188398
53.5007963268,-5.0068224486
53.5307963268,-6.6060120869
53.5607963268,-8.2010427336
53.5907963268,-9.7904715032
53.6207963268,-11.372858951
53.6507963268,-12.9467703768
53.6807963268,-14.5107771252
53.7107963268,-16.0634578826
53.7407963268,-17.6033999689
53.7707963268,-19.1292006223
53.8007963268,-20.639468277
53.8307963268,-22.1328238322
53.8607963268,-23.6079019113
53.8907963268,-25.0633521096
53.9207963268,-26.4978402304
53.9507963268,-27.9100495077
53.9807963268,-29.2986818145
54.0107963268,-30.6624588552
54.0407963268,-32.0001233421
54.0707963268,-33.3104401536
54.1007963268,-34.592197474
54.1307963268,-35.8442079137
54.1607963268,-37.0653096076
54.1907963268,-38.2543672929
54.2207963268,-39.4102733634
54.2507963268,-40.5319488997
54.2807963268,-41.6183446753
54.3107963268,-42.6684421368
54.3407963268,-43.6812543566
54.3707963268,-44.6558269597
54.4007963268,-45.5912390203
54.4307963268,-46.486603931
54.4607963268,-47.34107024
54.4907963268,-48.1538224593
54.5207963268,-48.92408184
54.5507963268,-49.6511071158
54.5807963268,-50.3341952135
54.6107963268,-50.9726819293
54.6407963268,-51.5659425715
54.6707963268,-52.1133925675
54.7007963268,-52.6144880355
54.7307963268,-53.06872632
54.7607963268,-53.475646491
54.7907963268,-53.8348298052
54.8207963268,-54.1459001306
54.8507963268,-54.4085243325
54.8807963268,-54.6224126207
54.9107963268,-54.7873188592
54.9407963268,-54.9030408354
54.9707963268,-54.9694204906
55.0007963268,-54.9863441108
55.0307963268,-54.9537424778
55.0607963268,-54.8715909798
55.0907963268,-54.7399096822
55.1207963268,-54.5587633581
55.1507963268,-54.3282614782
55.1807963268,-54.0485581606
55.2107963268,-53.7198520802
55.2407963268,-53.3423863373
55.2707963268,-52.9164482865
55.3007963268,-52.4423693251
55.3307963268,-51.9205246419
55.3607963268,-51.3513329254
55.3907963268,-50.735256033
55.4207963268,-50.0727986209
55.4507963268,-49.3645077344
55.4807963268,-48.6109723602
55.5107963268,-47.8128229396
55.5407963268,-46.9707308442
55.5707963268,-46.0854078138
55.6007963268,-45.1576053577
55.6307963268,-44.1881141185
55.6607963268,-43.1777632012
55.6907963268,-42.1274194655
55.7207963268,-41.0379867839
55.7507963268,-39.910405266
55.7807963268,-38.7456504479
55.8107963268,-37.5447324505
55.8407963268,-36.3086951039
55.8707963268,-35.0386150419
55.9007963268,-33.7356007649
55.9307963268,-32.4007916732
55.9607963268,-31.0353570719
55.9907963268,-29.6404951473
56.0207963268,-28.2174319159
56.0507963268,-26.7674201475
56.0807963268,-25.291738263
56.1107963268,-23.7916892077
56.1407963268,-22.2685993012
56.1707963268,-20.7238170654
56.2007963268,-19.1587120302
56.2307963268,-17.5746735204
56.2607963268,-15.973109422
56.2907963268,-14.3554449315
56.3207963268,-12.7231212875
56.3507963268,-11.0775944872
56.3807963268,-9.4203339873
56.4107963268,-7.752821392
56.4407963268,-6.0765491288
56.4707963268,-4.3930191125
56.5007963268,-2.7037413994
56.5307963268,-1.0102328334
56.5607963268,0.6859843166
56.5907963268,2.3833837247
56.6207963268,4.0804363814
56.6507963268,5.7756119713
56.6807963268,7.4673802526
56.7107963268,9.1542124388
56.7407963268,10.8345825799
56.7707963268,12.506968943
56.8007963268,14.1698553901
56.8307963268,15.821732753
56.8607963268,17.461100202
56.8907963268,19.0864666101
56.9207963268,20.6963519092
56.9507963268,22.2892884369
56.9807963268,23.863822275
57.0107963268,25.4185145761
57.0407963268,26.9519428781
57.0707963268,28.462702405
57.1007963268,29.9494073543
57.1307963268,31.4106921665
57.1607963268,32.8452127802
57.1907963268,34.2516478665
57.2207963268,35.6287000465
57.2507963268,36.9750970865
57.2807963268,38.2895930734
57.3107963268,39.570969566
57.3407963268,40.818036724
57.3707963268,42.0296344115
57.4007963268,43.2046332752
57.4307963268,44.3419357959
57.4607963268,45.4404773123
57.4907963268,46.499227016
57.5207963268,47.5171889171
57.5507963268,48.4934027797
57.5807963268,49.4269450256
57.6107963268,50.3169296058
57.6407963268,51.1625088396
57.6707963268,51.9628742192
57.7007963268,52.7172571802
57.7307963268,53.4249298369
57.7607963268,54.0852056811
57.7907963268,54.6974402448
57.8207963268,55.2610317254
57.8507963268,55.7754215729
57.8807963268,56.2400950392
57.9107963268,56.6545816872
57.9407963268,57.018455862
57.9707963268,57.3313371208
58.0007963268,57.5928906233
58.0307963268,57.8028274807
58.0607963268,57.9609050639
58.0907963268,58.0669272704
58.1207963268,58.1207447489
58.1507963268,58.1222550825
58.1807963268,58.0714029294
58.2107963268,57.968180121
58.2407963268,57.8126257183
58.2707963268,57.6048260248
58.3007963268,57.3449145573
58.3307963268,57.0330719739
58.3607963268,56.6695259591
58.3907963268,56.2545510669
58.4207963268,55.7884685208
58.4507963268,55.271645972
58.4807963268,54.7044972148
58.5107963268,54.0874818607
58.5407963268,53.4211049702
58.5707963268,52.7059166436
58.6007963268,51.9425115708
58.6307963268,51.1315285398
58.6607963268,50.2736499054
58.6907963268,49.3696010178
58.7207963268,48.4201496119
58.7507963268,47.4261051576
58.7807963268,46.3883181719
58.8107963268,45.307679493
58.8407963268,44.1851195175
58.8707963268,43.0216074009
58.9007963268,41.8181502226
58.9307963268,40.5757921152
58.9607963268,39.2956133603
58.9907963268,37.97872945
59.0207963268,36.6262901161
59.0507963268,35.2394783272
59.0807963268,33.8195092548
59.1107963268,32.3676292094
59.1407963268,30.8851145471
59.1707963268,29.3732705486
59.2007963268,27.83343027
59.2307963268,26.2669533682
59.2607963268,24.6752249008
59.2907963268,23.0596541018
59.3207963268,21.4216731341
59.3507963268,19.7627358204
59.3807963268,18.0843163532
59.4107963268,16.3879079847
59.4407963268,14.6750216985
59.4707963268,12.9471848641
59.5007963268,11.2059398752
59.5307963268,9.4528427723
59.5607963268,7.6894618531
59.5907963268,5.9173762687
59.6207963268,4.1381746101
59.6507963268,2.3534534841
59.6807963268,0.5648160801
59.7107963268,-1.2261292697
59.7407963268,-3.0177705365
59.7707963268,-4.8084934458
59.8007963268,-6.5966829322
59.8307963268,-8.3807245957
59.8607963268,-10.1590061593
59.8907963268,-11.9299189262
59.9207963268,-13.6918592346
59.9507963268,-15.4432299104
59.9807963268,-17.1824417146
60.0107963268,-18.9079147851
60.0407963268,-20.6180800725
60.0707963268,-22.3113807657
60.1007963268,-23.9862737099
60.1307963268,-25.6412308119
60.1607963268,-27.2747404346
60.1907963268,-28.8853087771
60.2207963268,-30.4714612404
60.2507963268,-32.0317437774
60.2807963268,-33.5647242249
60.3107963268,-35.0689936182
60.3407963268,-36.5431674852
60.3707963268,-37.9858871201
60.4007963268,-39.3958208349
60.4307963268,-40.7716651878
60.4607963268,-42.1121461875
60.4907963268,-43.4160204719
60.5207963268,-44.6820764602
60.5507963268,-45.909135478
60.5807963268,-47.0960528528
60.6107963268,-48.241718981
60.6407963268,-49.3450603635
60.6707963268,-50.4050406103
60.7007963268,-51.4206614118
60.7307963268,-52.3909634776
60.7607963268,-53.3150274404
60.7907963268,-54.191974725
60.8207963268,-55.020968381
60.8507963268,-55.8012138794
60.8807963268,-56.5319598708
60.9107963268,-57.212498906
60.9407963268,-57.8421681176
60.9707963268,-58.4203498619
61.0007963268,-58.9464723204
61.0307963268,-59.4200100612
61.0607963268,-59.8404845579
61.0907963268,-60.2074646681
61.1207963268,-60.5205670685
61.1507963268,-60.7794566476
61.1807963268,-60.9838468553
61.2107963268,-61.1335000092
61.2407963268,-61.2282275565
61.2707963268,-61.2678902926
61.3007963268,-61.2523985346
61.3307963268,-61.1817122506
61.3607963268,-61.0558411446
61.3907963268,-60.8748446958
61.4207963268,-60.6388321539
61.4507963268,-60.3479624891
61.4807963268,-60.0024442967
61.5107963268,-59.6025356574
61.5407963268,-59.1485439529
